word,mean_gradient,count
its,3.31807753816247,3
think,1.040406381993004,3
there,0.4140262930494221,3
the,0.275737454145715,23
always,0.2020221812344971,4
good,0.17705420052516274,3
love,0.17264629346027505,3
are,0.14120021525741322,4
will,0.11773723331862129,5
about,0.07094080529441271,6
that,0.06986250566284172,18
they,0.06957848377118757,9
them,0.06703374561827029,3
even,0.06378553111305034,3
did,0.046997410550829954,3
just,0.04547741426889237,6
and,0.03651118919270857,16
you,0.01496742628787615,10
this,0.01297153779269138,10
more,0.010971698894839696,3
