word,mean_gradient,count
afraid,8.283209623007679,4
don,2.462434956803918,3
about,1.913911737102353,8
your,1.689821515215499,4
now,1.2279973978335572,3
like,0.7212097022929811,4
you,0.6733750991214558,7
name,0.5925181881555965,13
the,0.5767657178971907,15
have,0.575986432724676,6
worry,0.20171900604691473,4
and,0.10615989069862865,14
was,0.08196856388130982,5
this,0.08126309469446369,8
but,0.04188490927481325,4
that,0.033771631425733015,17
yeah,0.017569638022299234,3
still,0.01323167736063624,4
embarrassing,0.009171162371785613,4
some,0.008559502015183776,3
