word,mean_gradient,count
shit,0.2745965864462505,4
fucking,0.20277598686516285,3
because,0.10031556450280732,3
shut,0.07678923944513372,3
not,0.06837175340986808,3
the,0.02591027232083181,18
that,0.0219401615430949,12
right,0.02016728287132234,3
fuck,0.01796208058173458,3
disgusting,0.013810547591674549,4
your,0.01192982027320492,6
why,0.011665902024712219,3
you,0.009512074137871553,21
what,0.0074938835142954,3
can,0.006933646242487157,4
have,0.004157006616210879,4
name,0.003556838605748323,7
this,0.0031643325721688598,8
and,0.002306242135192507,9
see,0.002265058815802539,7
