word,mean_gradient,count
...,2.3872249137020845,3
one,0.9788541969367847,3
time,0.8032908346164428,3
you,0.2616446489672463,7
this,0.25195750613752355,10
more,0.15377727921319698,3
than,0.1268763378238873,3
like,0.10666292006559767,6
the,0.07731578967180171,22
your,0.027685271696100244,4
work,0.024996790394652635,3
for,0.009599837243058573,6
they,0.00690203819249291,6
did,0.006663780236825308,3
favorite,0.0026462475216249004,3
and,0.0019531419517569214,13
just,0.0012847250322920445,5
are,0.001068861623025441,4
about,0.0010314407606225966,6
You,0.0009461770969210193,3
