word,mean_gradient,count
sorry,1.2498223094031953,3
with,0.7447734797994295,3
too,0.44094535996532613,4
not,0.3447650597327083,3
happy,0.3386067504640475,3
died,0.16208367149617212,3
either,0.14307386466922858,3
the,0.13431629654026742,18
but,0.1131396002888323,4
over,0.08159358240664005,4
about,0.07898586731334944,3
just,0.06818842772690914,4
like,0.05978273882537906,5
are,0.05699329989010948,4
that,0.04277839323923319,9
true,0.04225749361163859,3
and,0.039817303150952145,13
you,0.02749584427978594,7
Sorry,0.014210597405281078,4
sad,0.01039714695798466,6
