{
  "bert_kaggle": {
    "model": "bert",
    "platform": "kaggle",
    "n_samples": 7620,
    "accuracy": 0.9304,
    "f1_macro": 0.8739,
    "auc_macro": 0.984,
    "auc_se": 0.0019334999999999999,
    "ece": 0.0603,
    "per_class_auc": {
      "normal": {
        "auc": 0.991,
        "ci_lower": 0.9891,
        "ci_upper": 0.9929,
        "se": 0.00096,
        "n_pos": 2188,
        "n_neg": 5432
      },
      "depression": {
        "auc": 0.9882,
        "ci_lower": 0.9861,
        "ci_upper": 0.9902,
        "se": 0.001036,
        "n_pos": 4314,
        "n_neg": 3306
      },
      "anxiety": {
        "auc": 0.988,
        "ci_lower": 0.9839,
        "ci_upper": 0.9921,
        "se": 0.002095,
        "n_pos": 569,
        "n_neg": 7051
      },
      "stress": {
        "auc": 0.9689,
        "ci_lower": 0.9617,
        "ci_upper": 0.976,
        "se": 0.003643,
        "n_pos": 549,
        "n_neg": 7071
      }
    },
    "per_class_f1": {
      "normal": 0.9428,
      "depression": 0.9592,
      "anxiety": 0.8608,
      "stress": 0.733
    }
  },
  "bert_reddit": {
    "model": "bert",
    "platform": "reddit",
    "n_samples": 6330,
    "accuracy": 0.7431,
    "f1_macro": 0.3145,
    "auc_macro": 0.6296,
    "auc_se": 0.014768000000000002,
    "ece": 0.2395,
    "per_class_auc": {
      "normal": {
        "auc": 0.6293,
        "ci_lower": 0.6116,
        "ci_upper": 0.647,
        "se": 0.009033,
        "n_pos": 5010,
        "n_neg": 1320
      },
      "depression": {
        "auc": 0.5879,
        "ci_lower": 0.5599,
        "ci_upper": 0.616,
        "se": 0.01433,
        "n_pos": 420,
        "n_neg": 5910
      },
      "anxiety": {
        "auc": 0.6929,
        "ci_lower": 0.6459,
        "ci_upper": 0.7399,
        "se": 0.023974,
        "n_pos": 152,
        "n_neg": 6178
      },
      "stress": {
        "auc": 0.6083,
        "ci_lower": 0.5853,
        "ci_upper": 0.6313,
        "se": 0.011735,
        "n_pos": 748,
        "n_neg": 5582
      }
    },
    "per_class_f1": {
      "normal": 0.8641,
      "depression": 0.135,
      "anxiety": 0.1927,
      "stress": 0.0664
    }
  },
  "bert_twitter": {
    "model": "bert",
    "platform": "twitter",
    "n_samples": 2883,
    "accuracy": 0.4603,
    "f1_macro": 0.3166,
    "auc_macro": 0.5957,
    "auc_se": 0.01340025,
    "ece": 0.5062,
    "per_class_auc": {
      "normal": {
        "auc": 0.622,
        "ci_lower": 0.6015,
        "ci_upper": 0.6424,
        "se": 0.010413,
        "n_pos": 1258,
        "n_neg": 1625
      },
      "depression": {
        "auc": 0.6028,
        "ci_lower": 0.5804,
        "ci_upper": 0.6251,
        "se": 0.011396,
        "n_pos": 867,
        "n_neg": 2016
      },
      "anxiety": {
        "auc": 0.6283,
        "ci_lower": 0.5961,
        "ci_upper": 0.6605,
        "se": 0.016442,
        "n_pos": 354,
        "n_neg": 2529
      },
      "stress": {
        "auc": 0.5298,
        "ci_lower": 0.4997,
        "ci_upper": 0.5599,
        "se": 0.01535,
        "n_pos": 404,
        "n_neg": 2479
      }
    },
    "per_class_f1": {
      "normal": 0.5788,
      "depression": 0.4436,
      "anxiety": 0.1626,
      "stress": 0.0816
    }
  },
  "roberta_kaggle": {
    "model": "roberta",
    "platform": "kaggle",
    "n_samples": 7620,
    "accuracy": 0.9364,
    "f1_macro": 0.883,
    "auc_macro": 0.9865,
    "auc_se": 0.0016507499999999999,
    "ece": 0.0563,
    "per_class_auc": {
      "normal": {
        "auc": 0.9933,
        "ci_lower": 0.9916,
        "ci_upper": 0.9951,
        "se": 0.000895,
        "n_pos": 2188,
        "n_neg": 5432
      },
      "depression": {
        "auc": 0.9902,
        "ci_lower": 0.9885,
        "ci_upper": 0.9919,
        "se": 0.000891,
        "n_pos": 4314,
        "n_neg": 3306
      },
      "anxiety": {
        "auc": 0.9906,
        "ci_lower": 0.9874,
        "ci_upper": 0.9937,
        "se": 0.001596,
        "n_pos": 569,
        "n_neg": 7051
      },
      "stress": {
        "auc": 0.9721,
        "ci_lower": 0.9658,
        "ci_upper": 0.9784,
        "se": 0.003221,
        "n_pos": 549,
        "n_neg": 7071
      }
    },
    "per_class_f1": {
      "normal": 0.9497,
      "depression": 0.963,
      "anxiety": 0.8799,
      "stress": 0.7396
    }
  },
  "roberta_reddit": {
    "model": "roberta",
    "platform": "reddit",
    "n_samples": 6330,
    "accuracy": 0.7534,
    "f1_macro": 0.2976,
    "auc_macro": 0.6289,
    "auc_se": 0.01543275,
    "ece": 0.2346,
    "per_class_auc": {
      "normal": {
        "auc": 0.6444,
        "ci_lower": 0.627,
        "ci_upper": 0.6618,
        "se": 0.008876,
        "n_pos": 5010,
        "n_neg": 1320
      },
      "depression": {
        "auc": 0.6079,
        "ci_lower": 0.5794,
        "ci_upper": 0.6364,
        "se": 0.014564,
        "n_pos": 420,
        "n_neg": 5910
      },
      "anxiety": {
        "auc": 0.6685,
        "ci_lower": 0.6163,
        "ci_upper": 0.7206,
        "se": 0.026593,
        "n_pos": 152,
        "n_neg": 6178
      },
      "stress": {
        "auc": 0.5948,
        "ci_lower": 0.5719,
        "ci_upper": 0.6177,
        "se": 0.011698,
        "n_pos": 748,
        "n_neg": 5582
      }
    },
    "per_class_f1": {
      "normal": 0.8707,
      "depression": 0.1554,
      "anxiety": 0.1395,
      "stress": 0.0248
    }
  },
  "roberta_twitter": {
    "model": "roberta",
    "platform": "twitter",
    "n_samples": 2883,
    "accuracy": 0.4603,
    "f1_macro": 0.2844,
    "auc_macro": 0.603,
    "auc_se": 0.0132795,
    "ece": 0.5135,
    "per_class_auc": {
      "normal": {
        "auc": 0.6352,
        "ci_lower": 0.615,
        "ci_upper": 0.6554,
        "se": 0.010307,
        "n_pos": 1258,
        "n_neg": 1625
      },
      "depression": {
        "auc": 0.6065,
        "ci_lower": 0.584,
        "ci_upper": 0.6291,
        "se": 0.011491,
        "n_pos": 867,
        "n_neg": 2016
      },
      "anxiety": {
        "auc": 0.6488,
        "ci_lower": 0.6172,
        "ci_upper": 0.6804,
        "se": 0.016111,
        "n_pos": 354,
        "n_neg": 2529
      },
      "stress": {
        "auc": 0.5215,
        "ci_lower": 0.4917,
        "ci_upper": 0.5513,
        "se": 0.015209,
        "n_pos": 404,
        "n_neg": 2479
      }
    },
    "per_class_f1": {
      "normal": 0.5858,
      "depression": 0.4468,
      "anxiety": 0.0955,
      "stress": 0.0096
    }
  },
  "mentalbert_kaggle": {
    "model": "mentalbert",
    "platform": "kaggle",
    "n_samples": 7620,
    "accuracy": 0.928,
    "f1_macro": 0.8623,
    "auc_macro": 0.9833,
    "auc_se": 0.001928,
    "ece": 0.0583,
    "per_class_auc": {
      "normal": {
        "auc": 0.9932,
        "ci_lower": 0.9917,
        "ci_upper": 0.9946,
        "se": 0.000746,
        "n_pos": 2188,
        "n_neg": 5432
      },
      "depression": {
        "auc": 0.9883,
        "ci_lower": 0.9863,
        "ci_upper": 0.9903,
        "se": 0.001015,
        "n_pos": 4314,
        "n_neg": 3306
      },
      "anxiety": {
        "auc": 0.9862,
        "ci_lower": 0.9813,
        "ci_upper": 0.991,
        "se": 0.002473,
        "n_pos": 569,
        "n_neg": 7051
      },
      "stress": {
        "auc": 0.9656,
        "ci_lower": 0.9588,
        "ci_upper": 0.9724,
        "se": 0.003478,
        "n_pos": 549,
        "n_neg": 7071
      }
    },
    "per_class_f1": {
      "normal": 0.9415,
      "depression": 0.9607,
      "anxiety": 0.8501,
      "stress": 0.6969
    }
  },
  "mentalbert_reddit": {
    "model": "mentalbert",
    "platform": "reddit",
    "n_samples": 6330,
    "accuracy": 0.7477,
    "f1_macro": 0.3169,
    "auc_macro": 0.6732,
    "auc_se": 0.01493825,
    "ece": 0.231,
    "per_class_auc": {
      "normal": {
        "auc": 0.6786,
        "ci_lower": 0.662,
        "ci_upper": 0.6953,
        "se": 0.008496,
        "n_pos": 5010,
        "n_neg": 1320
      },