model,platform,n,spearman_rho,spearman_p,pearson_r,pearson_p,pointbiserial_r,pointbiserial_p,auc_quartile_Q1,auc_quartile_Q2,auc_quartile_Q3,auc_quartile_Q4,auc_not_truncated,auc_truncated,pct_truncated
bert,kaggle,7620,0.0566,1e-06,0.03,0.008869,0.0687,0.0,0.9798,0.985,0.9669,0.9802,0.9848,0.9717,59.2
bert,reddit,6257,0.0825,0.0,0.0808,0.0,,,0.6463,0.6304,0.6293,0.6605,,,0.0
bert,twitter,2883,0.0557,0.00279,0.0733,8.1e-05,0.0501,0.007142,0.6266,0.6273,0.5997,0.5808,0.5982,0.4818,2.8
roberta,kaggle,7620,0.0658,0.0,0.0292,0.010855,0.0744,0.0,0.9881,0.9883,0.9725,0.9818,0.9909,0.9774,59.2
roberta,reddit,6257,0.083,0.0,0.0824,0.0,,,0.6581,0.6263,0.5943,0.664,,,0.0
roberta,twitter,2883,0.0673,0.000299,0.0781,2.7e-05,0.0416,0.025442,0.6422,0.6419,0.5881,0.5881,0.6054,0.526,2.8
mentalbert,kaggle,7620,0.0462,5.4e-05,0.0092,0.423588,0.0673,0.0,0.9875,0.9824,0.9693,0.9762,0.9854,0.9728,59.2
mentalbert,reddit,6257,0.0848,0.0,0.0824,0.0,,,0.6853,0.6874,0.6341,0.7245,,,0.0
mentalbert,twitter,2883,0.0924,1e-06,0.0955,0.0,0.0244,0.189631,0.6322,0.6463,0.6148,0.6316,0.6134,0.5934,2.8
mentalroberta,kaggle,7620,0.0554,1e-06,0.0162,0.158548,0.0701,0.0,0.9774,0.9852,0.9696,0.9806,0.9848,0.9743,59.2
mentalroberta,reddit,6257,0.0642,0.0,0.0628,1e-06,,,0.7035,0.7077,0.6699,0.7301,,,0.0
mentalroberta,twitter,2883,0.0632,0.000691,0.0845,6e-06,0.0518,0.005389,0.6748,0.6491,0.5982,0.5667,0.6096,0.5227,2.8
