word,mean_shap,count
hell,1.4389084422339995,3
really,0.9754407011496369,4
what,0.8244113582459249,3
inge,0.6090538233984262,3
and,0.565124456083465,14
was,0.23430134684549558,10
old,0.22092340773087926,3
the,0.12432068031912422,20
when,0.09170217530603016,3
name,0.08988699920882937,9
afraid,0.08621396339585771,5
with,0.08036965852370485,5
see,0.04428461905020716,6
out,0.03630007967194615,4
makes,0.0349916521445266,4
this,0.029706721223919885,10
terrifying,0.02387569798156619,3
for,0.023270662449795053,5
more,0.020021899642112356,3
some,0.016916374272341272,4
