word,mean_shap,count
been,2.0184761724231066,3
sorry,0.3776854528353267,7
this,0.36809998418417916,6
too,0.35478645553075694,4
with,0.3444175824794608,3
sad,0.25452970556034415,6
over,0.20630415761843324,4
when,0.128987630437526,3
the,0.11205185395136949,18
anyone,0.07564233756662968,3
like,0.07422427115634492,5
didn,0.0739196277276278,5
they,0.06697137947351924,6
name,0.047903986673439,11
you,0.047882713565286394,8
happy,0.0435888251910607,3
for,0.0380303679451442,7
get,0.03550436947504446,3
died,0.033983983244979754,3
and,0.03281001243942683,14
