word,mean_shap,count
good,1.8111089691058926,3
people,1.7003940820213757,3
well,1.2946050961812336,3
with,0.8847472883262526,4
get,0.7987968798988732,3
over,0.4720720402401639,3
they,0.3629178715539941,3
those,0.20255814687213083,3
this,0.1794977025587059,8
was,0.16864870161215448,9
you,0.16049747788365493,10
man,0.15648827516270103,4
about,0.06774475088483693,3
that,0.048611067860595845,15
are,0.04728639807429621,3
what,0.035193796109524556,3
one,0.03468178306987587,3
should,0.03459007519995794,3
sorry,0.02902679065603782,6
feel,0.022690424089281198,3
