word,mean_shap,count
sleep,0.9822248187756486,3
from,0.2615293779150913,3
her,0.2369200519703251,6
was,0.15416816850301984,5
can,0.1485785396113594,6
year,0.09726422167538355,3
she,0.08542853916393749,3
did,0.06601660815067589,3
thing,0.06027747366654997,3
and,0.05598013835866108,14
the,0.02968210580770574,20
that,0.011646233141423832,14
just,0.0054312104650307445,5
them,0.003878302479885557,3
you,0.003811019253622102,14
for,0.0036902256272566903,7
ing,0.00257818970385415,4
don,0.001366758487347397,5
make,0.001279665050484861,3
one,0.0009751495648136673,3
