word,mean_shap,count
name,2.987912631149811,4
stupid,1.6774038901051729,3
fucking,1.6124481434623401,3
had,1.4831814694195298,3
hate,1.1644949990538105,3
but,0.7486844981964774,3
are,0.718819348698465,3
when,0.5317007692757215,5
and,0.3566934030220068,12
don,0.3086935610424916,5
this,0.30834337133693324,9
you,0.08111737771817691,15
they,0.04079597563049901,5
look,0.026819677153980592,3
for,0.022040893975554355,5
one,0.01864882230938747,4
the,0.010298348329418635,18
that,0.010132286078411804,6
all,0.00724885970385003,6
fuck,0.006922945433567899,3
