word,mean_shap,count
because,0.28220441947905783,3
can,0.26959900200210996,4
why,0.16800989041651823,3
and,0.13559113563592795,9
shut,0.12269907409790903,3
you,0.12017805110662039,16
about,0.09677675364764582,3
they,0.09517163524451462,5
are,0.06389192353822182,8
the,0.05935593874207424,17
that,0.04949788592242991,12
This,0.04929036812003081,3
see,0.037801386312301996,7
right,0.03714928650894459,3
your,0.034893148607807234,4
always,0.03393114368918759,3
You,0.03154331519840525,4
people,0.02338306981982896,3
disgusting,0.012096203720526924,3
just,0.00905051820124451,3
