word,mean_shap,count
disgusting,0.8309257576305148,3
one,0.47116947986069135,3
always,0.4526108305338615,3
about,0.44965021332609467,3
they,0.4332204082107637,5
This,0.3998365254459107,3
why,0.37731787891243584,3
just,0.36002295059734024,3
are,0.29651612739587563,8
that,0.2920614885138851,12
this,0.23990330126434856,4
and,0.20404703757958487,9
you,0.17615984770282012,16
can,0.1692277630800163,4
people,0.14003651112822504,3
the,0.11976718920408637,17
because,0.10165700417898431,3
have,0.09748612592045447,4
see,0.08599976688596403,7
NAME,0.06676929405927824,7
