word,mean_shap,count
happy,1.5071504981800292,3
not,1.2977256830272381,3
either,0.875443041867887,3
with,0.8108782251947559,3
about,0.4637727751930167,3
Sorry,0.4611156257233233,4
but,0.40770989679003833,4
just,0.3897153595844429,4
was,0.2995049601328598,3
have,0.2079706430680138,6
feel,0.20218807324999943,3
and,0.19109211948783084,13
sad,0.1598029857268557,6
that,0.11560597827176228,9
for,0.11269915182492696,7
the,0.09187673456876332,18
you,0.08218824691929123,7
are,0.01894868283852702,4
like,0.004062125000200467,5
died,0.0033521220417848476,3
