word,mean_shap,count
sleep,1.877993629963991,3
her,1.3418625303117249,6
can,1.1381551504212741,3
from,0.9045919611241212,3
was,0.5444724650675198,5
and,0.2359618431636201,14
make,0.018901594150520395,3
that,0.007120758273635551,9
him,0.005966891249408945,5
Thank,0.0051894324327198165,3
for,0.004105205929330883,7
ing,0.003009839875934025,3
you,0.0028460804843724384,13
love,0.002713671463425271,4
just,0.0026623022713465616,4
much,0.0022239089266804513,3
how,0.0014355630022085581,3
the,0.0013755344861136917,18
are,0.0008068361069793658,3
your,0.00044196822273079306,5
