word,mean_shap,count
did,1.4470067695122755,3
they,1.0058855677846925,6
this,0.5882985187628946,10
and,0.2255196136986622,13
your,0.03827867275686003,4
love,0.03350310563352347,3
always,0.02577686379845545,4
work,0.022080227250019863,3
even,0.020841481227156084,3
...,0.020654469582950696,3
will,0.019308815327531193,5
for,0.016664048825380934,6
like,0.016426070613306365,6
That,0.015138018794095843,5
them,0.01502134203716802,3
you,0.013135535551035511,7
one,0.01102446680306457,3
time,0.007763735416422908,3
about,0.00744569050160256,6
that,0.00432731050629324,12
