word,mean_shap,count
they,0.6349068870767951,4
had,0.339635065383239,3
for,0.3261588114166443,5
one,0.2460360593004225,4
this,0.1804358554072678,6
the,0.09088920531524612,15
dont,0.03121446476628383,3
shit,0.024927764587725203,3
that,0.014427303772208688,6
all,0.014193480671868505,6
people,0.013486364776326809,3
are,0.01347414065579263,3
those,0.009087878085362414,3
stupid,0.007912222111675268,3
and,0.007061639055171492,11
This,0.004070688630842294,3
you,0.0025317770650872262,11
your,0.0023713529640190245,4
when,0.002238347995444201,4
how,0.0021692429454560624,4
