word,mean_shap,count
makes,0.6183689005538326,4
for,0.5042196302834782,5
NAME,0.21624828437698954,9
hell,0.0608821250013231,3
just,0.03823366185588384,5
...,0.03653210098291311,5
was,0.023358076671320303,10
this,0.023171477292635245,7
with,0.021104766805365216,5
one,0.019954321648886737,3
This,0.017932634094904643,3
out,0.017002120039251167,4
what,0.01665575593263687,3
really,0.015799425302247982,4
that,0.013796336848469894,14
you,0.01094215952457489,4
scared,0.008828940379771666,4
and,0.008770309871709157,14
know,0.007501219064761244,5
the,0.007171837174586184,19
