word,mean_shap,count
scared,0.834122170934279,4
makes,0.4645778944613994,4
see,0.2778804316367314,6
for,0.2516973799278276,5
NAME,0.13608579265645757,9
all,0.1272776629434702,8
the,0.11928244030538113,19
hell,0.10825747748215993,3
really,0.07635852262319531,4
know,0.05691371810353303,5
what,0.05397871465053564,3
that,0.04647037249248699,14
like,0.044638660379860085,5
afraid,0.03826544750481844,5
and,0.03366894939167001,14
one,0.02205617995544647,3
was,0.01906845933626755,10
...,0.01567964063870022,5
out,0.010208354815404164,4
just,0.008095716728712432,5
