word,mean_shap,count
bad,1.3604852727827772,3
man,1.1674675801174696,3
feels,1.1345450046161811,3
about,0.8575432193392771,3
are,0.8484547528302452,3
people,0.703117887135401,3
but,0.5442363787369686,4
the,0.42843633366309014,14
you,0.4063773013234216,9
one,0.3762208526798834,3
and,0.22881501980882604,10
this,0.1661689377503665,7
that,0.1567357421221319,13
feel,0.09249482902184052,3
have,0.058645416208310056,5
should,0.045349285069581434,3
like,0.03284271758166142,5
sad,0.032081037294119596,3
The,0.01384222240691694,3
can,0.013638838334979178,3
