word,mean_shap,count
are,0.29071220363645506,3
how,0.28059607936938846,4
This,0.2642147130597247,3
shit,0.2056401291435274,3
about,0.18553730049752631,5
one,0.18124218545892745,4
all,0.1690949130267351,6
the,0.13610281681618897,15
out,0.09447519590200197,3
they,0.08381522526178742,4
that,0.08282003799437614,6
and,0.07136100907680222,11
dont,0.06465522844033937,3
those,0.061973707585517936,3
had,0.0588850720426611,3
people,0.05736498816031599,3
this,0.04396631708368659,6
stupid,0.042349519034814875,3
for,0.04045666023339436,5
you,0.023519481774449312,11
