word,mean_shap,count
what,1.3549737085510667,3
those,1.3321774117454577,3
sorry,1.2921725339256227,4
man,1.1953206864612487,3
this,0.6523201785790401,7
with,0.6145524144667434,4
that,0.4986848653984802,13
the,0.37394381306564484,14
feels,0.29963409062474966,3
people,0.2932377314136829,3
over,0.2859169907242176,3
have,0.2745169736503158,5
like,0.22931602294993353,5
should,0.1703145410962558,3
you,0.13096456990185995,9
and,0.07473946559548494,10
feel,0.06391642457553341,3
one,0.04832612280491352,3
but,0.039338357870292384,4
about,0.033450491134620584,3
