word,mean_shap,count
more,1.0395450507530768,3
than,0.9606393957540907,3
even,0.765270949123078,3
your,0.5428978780510079,4
like,0.5169078226899728,6
are,0.4280422859283135,4
and,0.25625509065727015,13
for,0.23063913269788827,6
just,0.20764674839447253,5
favorite,0.12027328843638922,3
that,0.11911514471876217,12
work,0.0929720498243114,3
this,0.090630377942216,10
the,0.08951145549537448,22
one,0.061147555214120075,3
...,0.057329082768167915,3
love,0.03798171461191183,3
you,0.030648192552949434,7
always,0.020772736890648957,4
That,0.02069182809900667,5
