word,mean_shap,count
sad,1.9145144378611196,6
happy,1.897534273758841,3
are,0.9458319926634431,4
over,0.8067784160375595,4
that,0.7498495818465218,9
too,0.7228065598555986,4
was,0.5497011931195933,3
but,0.46034142128428357,4
true,0.3726567765697837,3
like,0.323798871706822,5
sorry,0.2732281032028065,3
they,0.27214831016393265,6
about,0.23557284871397619,3
you,0.22149412944833916,7
died,0.1920321450646346,3
and,0.1802467940349463,13
NAME,0.18019841783759397,11
the,0.1577592662554,18
with,0.14762034922023304,3
for,0.05804870544670848,7
