word,mean_shap,count
worry,1.8178675679955631,4
Yeah,1.0602737220857914,3
afraid,0.9631127763714176,4
will,0.8138253865229975,3
just,0.6192874406260671,3
about,0.5275129250348982,8
pretty,0.5229715068417136,3
that,0.494465132096853,14
have,0.38238710741279647,6
NAME,0.33725057306918854,13
now,0.30836094274854986,3
people,0.2727936321462039,3
can,0.26228064556441194,3
You,0.25684342242311686,4
scared,0.18435381490902122,3
and,0.1813881508972242,14
for,0.1512252182019438,4
the,0.09662717059018178,15
him,0.07832652358047199,3
This,0.05932200800052669,5
