word,mean_shap,count
for,0.2482793519619528,7
you,0.23432182143481511,13
ing,0.08387482254571903,3
Thank,0.029426557167122763,3
much,0.00840933053890088,3
sleep,0.007759101582147802,3
and,0.00440724285077262,14
her,0.004209327038552146,6
can,0.0030936227606919906,3
from,0.0028878103233485795,3
love,0.002827330172294751,4
was,0.0027779535193985794,5
the,0.0016979831629618679,18
your,0.0012102491687983274,5
are,0.0009399844269258514,3
how,0.0008742841600906104,3
him,0.0006592990815988742,5
That,0.000347803414115333,4
make,0.00033989493385888636,3
just,0.00025621617533033714,4
