word,mean_shap,count
afraid,2.8848258348880336,4
scared,1.989547114164452,3
worry,0.9337231479585171,4
can,0.9277767004678026,3
him,0.884543855994707,3
You,0.7367604698520154,4
have,0.6389008120216507,6
like,0.6351235035108402,3
about,0.5464604805711133,8
and,0.40363527209774475,14
the,0.37720116574631296,15
you,0.31481223141818193,5
now,0.22241902795515975,3
with,0.21136426272241807,5
NAME,0.10186371226994267,13
that,0.08562991073501637,14
pretty,0.01914831228593054,3
people,0.01688647906606396,3
Yeah,0.011992777401853042,3
some,0.010253223619050308,3
