word,mean_shap,count
This,0.11463140335096493,3
dont,0.008206004348721763,3
the,0.007702826749975126,15
this,0.0023112124163541616,6
and,0.001198241094574438,11
you,0.0010365683527569754,11
shit,0.0009044400158018107,3
can,0.0007665869001129977,4
The,0.0006955010297436578,3
are,0.0006269864728286242,3
had,0.0005572857595931661,3
those,0.00048513895793197054,3
stupid,0.0004670874741350417,3
they,0.0004495779581930037,4
all,0.0003734167377160702,6
for,0.0003549167956407473,5
people,0.0003381409980344567,3
NAME,0.00030917378050313954,3
with,0.00026042812995304604,3
one,0.00017928922952137327,4
