word,mean_shap,count
sorry,1.570835129990428,4
man,1.2594890263741643,3
what,1.1290428797562224,3
with,0.7305273136316828,4
this,0.5511818729303611,7
you,0.3319193439743281,9
people,0.19267899493274854,3
that,0.1815907645905799,13
feels,0.04588044415383289,3
have,0.034744682910059055,5
like,0.023891808444750494,5
and,0.013409833903097024,10
but,0.012210254654974051,4
one,0.009593953873263672,3
the,0.008644834364271705,14
NAME,0.006083152155770222,5
feel,0.001794599331333302,3
was,0.00120111278844585,9
just,0.0009820404144799493,3
for,0.0009227980115156242,4
