word,mean_shap,count
makes,0.07981540591390512,4
for,0.038293505834008104,5
and,0.027352700445590017,14
this,0.025391911759860313,7
just,0.02502519630570532,5
hell,0.021998698997776955,3
with,0.020799980597075773,5
NAME,0.01766440833206515,9
know,0.01668915846348682,5
what,0.015218140725968018,3
really,0.013514763701095944,4
afraid,0.012187397867091932,5
was,0.006633453678045953,10
old,0.004216900224188673,3
...,0.0028752261256158817,5
the,0.0025602167428539695,19
all,0.0012524695598585822,8
that,0.0009851048705676086,14
not,0.0006580613013511538,4
when,0.0006045281055169956,3
