word,mean_shap,count
This,0.4690217481233958,5
was,0.30337616333672485,5
that,0.1802893222302373,14
and,0.09327341342772602,14
the,0.07747768778279654,15
about,0.041456382560454585,8
NAME,0.04118808108229972,13
now,0.03743684003848102,3
You,0.03430140371892776,4
have,0.018612607394895047,6
worry,0.015585999979521148,4
people,0.012954046581095705,3
for,0.011174758962170017,4
like,0.009207287720831422,3
too,0.00860880420062434,3
will,0.008586949534219457,3
this,0.007952381503855577,3
can,0.0038785842480137944,3
all,0.0013673381179917972,3
Yeah,0.0009640753050916828,3
