word,mean_shap,count
always,0.39373419140334437,3
and,0.34804821301551986,9
that,0.32328965146420313,12
are,0.2928818028245388,8
have,0.28480337869754635,4
people,0.27231755321645323,3
can,0.22713686449924353,4
the,0.07173725724477636,17
your,0.020199835820108092,4
you,0.0096142443716829,16
This,0.003003840640303679,3
why,0.0024973166209747433,3
disgusting,0.0024426817001312884,3
see,0.001714070602897014,7
hate,0.001540100791316945,3
worse,0.001179340403344516,3
NAME,0.0010397473989931833,7
this,0.0010089762196798802,4
about,0.0007102862697744664,3
one,0.0003793025006568011,3
