word,mean_shap,count
how,0.9262155186406744,3
sleep,0.7904421310813632,3
but,0.7686312483635902,4
him,0.7552784230108955,5
love,0.7249166141375554,4
NAME,0.5122671415721621,12
this,0.49712361416804923,5
and,0.4234539581453386,14
from,0.3249183547619244,3
her,0.31091506463205104,6
can,0.25827027712633327,3
was,0.09351624911869294,5
you,0.024246358136154483,13
the,0.0015066564245671543,18
for,0.0007521080255433585,7
ing,0.0004937216969362149,3
see,0.0002033067097120996,3
are,0.00015513296542242946,3
think,0.00011028944493318704,4
your,8.339561409229646e-05,5
